one,three,MW,lambdas,sigmas,q,bondlength
R,ARG,156.19,0.730762476752,0.656,1,0.38
D,ASP,115.09,0.041604048061,0.558,-1,0.38
N,ASN,114.1,0.425585900979,0.568,0,0.38
E,GLU,129.11,0.000693546096,0.592,-1,0.38
K,LYS,128.17,0.179021173899,0.636,1,0.38
H,HIS,137.14,0.466366729056,0.608,0,0.38
Q,GLN,128.13,0.393431855106,0.602,0,0.38
S,SER,87.08,0.462541681161,0.518,0,0.38
C,CYS,103.14,0.561543509914,0.548,0,0.38
G,GLY,57.05,0.705884373367,0.45,0,0.38
T,THR,101.11,0.371316297627,0.562,0,0.38
A,ALA,71.07,0.274329796904,0.504,0,0.38
M,MET,131.2,0.530848113434,0.618,0,0.38
Y,TYR,163.18,0.977461144934,0.646,0,0.38
V,VAL,99.13,0.208376960817,0.586,0,0.38
W,TRP,186.22,0.989376474037,0.678,0,0.38
L,LEU,113.16,0.644000500778,0.618,0,0.38
I,ILE,113.16,0.542362361067,0.618,0,0.38
P,PRO,97.12,0.359312657636,0.556,0,0.38
F,PHE,147.18,0.867235898206,0.636,0,0.38
